run_id,stage,trial,intersection_size
4,IP,1,79
4,IP,2,15
4,IP,3,9
4,IP,4,5
4,IP,5,5
4,IP,6,5
4,IP,7,5
4,IP,8,5
4,IP,9,5
4,IP,10,5
4,IP,11,5
4,IP,12,5
4,IP,13,5
4,IP,14,5
4,IP,15,5
4,IP,16,5
4,IP,17,5
4,IP,18,5
4,IP,19,5
4,IP,20,5
4,IP,21,5
4,IP,22,5
4,IP,23,5
4,IP,24,5
4,IP,25,5
4,IP,26,5
4,IP,27,5
4,IP,28,5
4,IP,29,5
4,IP,30,5
4,IP,31,5
4,IP,32,5
4,IP,33,5
4,IP,34,5
4,IP,35,5
4,IP,36,5
4,IP,37,5
4,IP,38,5
4,IP,39,5
4,IP,40,5
4,IP,41,5
4,IP,42,3
4,IP,43,3
4,IP,44,3
4,IP,45,3
4,IP,46,3
4,IP,47,3
4,IP,48,3
4,IP,49,3
4,IP,50,3
4,IP,51,3
4,IP,52,3
4,IP,53,3
4,IP,54,3
4,IP,55,3
4,IP,56,3
4,IP,57,3
4,IP,58,3
4,IP,59,3
4,IP,60,3
4,IP,61,3
4,IP,62,3
4,IP,63,3
4,IP,64,3
4,IP,65,3
4,IP,66,3
4,IP,67,3
4,IP,68,3
4,IP,69,3
4,IP,70,3
4,IP,71,3
4,IP,72,3
4,IP,73,3
4,IP,74,3
4,IP,75,3
4,IP,76,3
4,IP,77,3
4,IP,78,3
4,IP,79,3
4,IP,80,3
4,IP,81,3
4,IP,82,3
4,IP,83,3
4,IP,84,3
4,IP,85,3
4,IP,86,3
4,IP,87,3
4,IP,88,3
4,IP,89,3
4,IP,90,3
4,IP,91,3
4,IP,92,3
4,IP,93,3
4,IP,94,3
4,IP,95,3
4,IP,96,3
4,IP,97,3
4,IP,98,3
4,IP,99,3
4,IP,100,3
4,IP,101,3
4,IP,102,3
4,IP,103,3
4,IP,104,3
4,IP,105,3
4,IP,106,3
4,IP,107,3
4,IP,108,3
4,IP,109,3
4,IP,110,3
4,IP,111,3
4,IP,112,3
4,IP,113,3
4,IP,114,3
4,IP,115,3
4,IP,116,3
4,IP,117,3
4,IP,118,3
4,IP,119,3
4,IP,120,3
4,IP,121,3
4,IP,122,3
4,IP,123,3
4,IP,124,3
4,IP,125,3
4,IP,126,3
4,IP,127,3
4,IP,128,3
4,IP,129,3
4,IP,130,3
4,IP,131,3
4,IP,132,3
4,IP,133,3
4,IP,134,3
4,IP,135,3
4,IP,136,3
4,IP,137,3
4,IP,138,3
4,IP,139,3
4,IP,140,3
4,IP,141,3
4,IP,142,3
4,IP,143,3
4,IP,144,3
4,IP,145,3
4,IP,146,3
4,IP,147,3
4,IP,148,3
4,IP,149,3
4,IP,150,3
4,IP,151,3
4,IP,152,3
4,IP,153,3
4,IP,154,3
4,IP,155,3
4,IP,156,3
4,IP,157,3
4,IP,158,3
4,IP,159,3
4,IP,160,3
4,IP,161,3
4,IP,162,3
4,IP,163,3
4,IP,164,3
4,IP,165,3
4,IP,166,3
4,IP,167,3
4,IP,168,3
4,IP,169,3
4,IP,170,3
4,IP,171,3
4,IP,172,3
4,IP,173,3
4,IP,174,3
4,IP,175,3
4,IP,176,3
4,IP,177,3
4,IP,178,3
4,IP,179,3
4,IP,180,3
4,IP,181,3
4,IP,182,3
4,IP,183,3
4,IP,184,3
4,IP,185,3
4,IP,186,3
4,IP,187,3
4,IP,188,3
4,IP,189,3
4,IP,190,3
4,IP,191,3
4,IP,192,3
4,IP,193,3
4,IP,194,3
4,IP,195,3
4,IP,196,3
4,IP,197,3
4,IP,198,3
4,IP,199,3
4,IP,200,3
4,IP,201,3
4,IP,202,3
4,IP,203,3
4,IP,204,3
4,IP,205,3
4,IP,206,3
4,IP,207,3
4,IP,208,3
4,IP,209,3
4,IP,210,3
4,IP,211,3
4,IP,212,3
4,IP,213,3
4,IP,214,3
4,IP,215,3
4,IP,216,3
4,IP,217,3
4,IP,218,3
4,IP,219,3
4,IP,220,3
4,IP,221,3
4,IP,222,3
4,IP,223,3
4,IP,224,3
4,IP,225,3
4,IP,226,3
4,IP,227,3
4,IP,228,3
4,IP,229,3
4,IP,230,3
4,IP,231,3
4,IP,232,3
4,IP,233,3
4,IP,234,3
4,IP,235,3
4,IP,236,3
4,IP,237,3
4,IP,238,3
4,IP,239,3
4,IP,240,3
4,IP,241,3
4,IP,242,3
4,IP,243,3
4,IP,244,3
4,IP,245,2
4,IP,246,2
4,IP,247,2
4,IP,248,2
4,IP,249,2
4,IP,250,2
4,IP,251,2
4,IP,252,2
4,IP,253,2
4,IP,254,2
4,IP,255,2
4,IP,256,2
4,IP,257,2
4,IP,258,2
4,IP,259,2
4,IP,260,2
4,IP,261,2
4,IP,262,2
4,IP,263,2
4,IP,264,2
4,IP,265,2
4,IP,266,2
4,IP,267,2
4,IP,268,2
4,IP,269,2
4,IP,270,2
4,IP,271,2
4,IP,272,2
4,IP,273,2
4,IP,274,2
4,IP,275,2
4,IP,276,2
4,IP,277,2
4,IP,278,2
4,IP,279,2
4,IP,280,2
4,IP,281,2
4,IP,282,2
4,IP,283,2
4,IP,284,2
4,IP,285,1
4,M1,1,137
4,M1,2,23
4,M1,3,4
4,M1,4,3
4,M1,5,1
4,VG,1,112
4,VG,2,9
4,VG,3,8
4,VG,4,6
4,VG,5,6
4,VG,6,6
4,VG,7,6
4,VG,8,6
4,VG,9,6
4,VG,10,6
4,VG,11,6
4,VG,12,6
4,VG,13,6
4,VG,14,6
4,VG,15,6
4,VG,16,6
4,VG,17,6
4,VG,18,6
4,VG,19,6
4,VG,20,6
4,VG,21,6
4,VG,22,6
4,VG,23,6
4,VG,24,6
4,VG,25,6
4,VG,26,6
4,VG,27,6
4,VG,28,6
4,VG,29,6
4,VG,30,6
4,VG,31,6
4,VG,32,6
4,VG,33,6
4,VG,34,6
4,VG,35,6
4,VG,36,6
4,VG,37,6
4,VG,38,6
4,VG,39,6
4,VG,40,6
4,VG,41,6
4,VG,42,6
4,VG,43,6
4,VG,44,6
4,VG,45,6
4,VG,46,6
4,VG,47,6
4,VG,48,6
4,VG,49,6
4,VG,50,6
4,VG,51,6
4,VG,52,6
4,VG,53,6
4,VG,54,6
4,VG,55,6
4,VG,56,6
4,VG,57,6
4,VG,58,6
4,VG,59,6
4,VG,60,6
4,VG,61,1
4,EG,1,218
4,EG,2,41
4,EG,3,21
4,EG,4,16
4,EG,5,14
4,EG,6,12
4,EG,7,12
4,EG,8,10
4,EG,9,8
4,EG,10,8
4,EG,11,7
4,EG,12,6
4,EG,13,6
4,EG,14,6
4,EG,15,6
4,EG,16,3
4,EG,17,3
4,EG,18,3
4,EG,19,3
4,EG,20,3
4,EG,21,3
4,EG,22,3
4,EG,23,3
4,EG,24,3
4,EG,25,3
4,EG,26,3
4,EG,27,3
4,EG,28,3
4,EG,29,3
4,EG,30,3
4,EG,31,1
5,IP,1,101
5,IP,2,8
5,IP,3,5
5,IP,4,5
5,IP,5,5
5,IP,6,5
5,IP,7,5
5,IP,8,5
5,IP,9,3
5,IP,10,3
5,IP,11,3
5,IP,12,3
5,IP,13,3
5,IP,14,3
5,IP,15,3
5,IP,16,3
5,IP,17,3
5,IP,18,3
5,IP,19,3
5,IP,20,3
5,IP,21,3
5,IP,22,3
5,IP,23,3
5,IP,24,3
5,IP,25,3
5,IP,26,3
5,IP,27,3
5,IP,28,3
5,IP,29,3
5,IP,30,3
5,IP,31,3
5,IP,32,3
5,IP,33,3
5,IP,34,3
5,IP,35,3
5,IP,36,3
5,IP,37,3
5,IP,38,3
5,IP,39,3
5,IP,40,3
5,IP,41,3
5,IP,42,3
5,IP,43,3
5,IP,44,3
5,IP,45,3
5,IP,46,3
5,IP,47,3
5,IP,48,3
5,IP,49,3
5,IP,50,3
5,IP,51,3
5,IP,52,1
5,M1,1,192
5,M1,2,31
5,M1,3,14
5,M1,4,6
5,M1,5,5
5,M1,6,4
5,M1,7,3
5,M1,8,3
5,M1,9,3
5,M1,10,3
5,M1,11,3
5,M1,12,3
5,M1,13,1
5,VG,1,76
5,VG,2,12
5,VG,3,2
5,VG,4,1
5,EG,1,284
5,EG,2,67
5,EG,3,33
5,EG,4,22
5,EG,5,17
5,EG,6,13
5,EG,7,13
5,EG,8,11
5,EG,9,11
5,EG,10,10
5,EG,11,10
5,EG,12,10
5,EG,13,9
5,EG,14,9
5,EG,15,9
5,EG,16,7
5,EG,17,3
5,EG,18,3
5,EG,19,3
5,EG,20,3
5,EG,21,2
5,EG,22,2
5,EG,23,2
5,EG,24,2
5,EG,25,2
5,EG,26,2
5,EG,27,2
5,EG,28,2
5,EG,29,2
5,EG,30,2
5,EG,31,2
5,EG,32,2
5,EG,33,2
5,EG,34,2
5,EG,35,2
5,EG,36,2
5,EG,37,2
5,EG,38,2
5,EG,39,2
5,EG,40,2
5,EG,41,2
5,EG,42,2
5,EG,43,2
5,EG,44,2
5,EG,45,2
5,EG,46,2
5,EG,47,2
5,EG,48,2
5,EG,49,2
5,EG,50,2
5,EG,51,2
5,EG,52,2
5,EG,53,2
5,EG,54,2
5,EG,55,2
5,EG,56,2
5,EG,57,2
5,EG,58,2
5,EG,59,2
5,EG,60,2
5,EG,61,2
5,EG,62,1
6,IP,1,74
6,IP,2,12
6,IP,3,9
6,IP,4,7
6,IP,5,7
6,IP,6,7
6,IP,7,7
6,IP,8,6
6,IP,9,5
6,IP,10,4
6,IP,11,3
6,IP,12,3
6,IP,13,3
6,IP,14,3
6,IP,15,3
6,IP,16,3
6,IP,17,3
6,IP,18,3
6,IP,19,3
6,IP,20,3
6,IP,21,3
6,IP,22,3
6,IP,23,3
6,IP,24,3
6,IP,25,3
6,IP,26,3
6,IP,27,3
6,IP,28,3
6,IP,29,3
6,IP,30,3
6,IP,31,3
6,IP,32,3
6,IP,33,3
6,IP,34,3
6,IP,35,3
6,IP,36,3
6,IP,37,3
6,IP,38,3
6,IP,39,3
6,IP,40,3
6,IP,41,3
6,IP,42,3
6,IP,43,3
6,IP,44,3
6,IP,45,3
6,IP,46,3
6,IP,47,3
6,IP,48,3
6,IP,49,3
6,IP,50,3
6,IP,51,3
6,IP,52,3
6,IP,53,3
6,IP,54,3
6,IP,55,3
6,IP,56,3
6,IP,57,3
6,IP,58,3
6,IP,59,3
6,IP,60,3
6,IP,61,3
6,IP,62,3
6,IP,63,3
6,IP,64,3
6,IP,65,3
6,IP,66,3
6,IP,67,3
6,IP,68,3
6,IP,69,3
6,IP,70,3
6,IP,71,3
6,IP,72,3
6,IP,73,3
6,IP,74,3
6,IP,75,3
6,IP,76,3
6,IP,77,3
6,IP,78,3
6,IP,79,3
6,IP,80,3
6,IP,81,3
6,IP,82,3
6,IP,83,3
6,IP,84,3
6,IP,85,3
6,IP,86,3
6,IP,87,3
6,IP,88,3
6,IP,89,3
6,IP,90,3
6,IP,91,3
6,IP,92,3
6,IP,93,3
6,IP,94,3
6,IP,95,3
6,IP,96,3
6,IP,97,3
6,IP,98,3
6,IP,99,3
6,IP,100,3
6,IP,101,3
6,IP,102,3
6,IP,103,3
6,IP,104,3
6,IP,105,3
6,IP,106,3
6,IP,107,3
6,IP,108,3
6,IP,109,3
6,IP,110,3
6,IP,111,3
6,IP,112,3
6,IP,113,3
6,IP,114,3
6,IP,115,3
6,IP,116,3
6,IP,117,3
6,IP,118,3
6,IP,119,3
6,IP,120,3
6,IP,121,3
6,IP,122,3
6,IP,123,3
6,IP,124,3
6,IP,125,3
6,IP,126,3
6,IP,127,3
6,IP,128,3
6,IP,129,3
6,IP,130,3
6,IP,131,3
6,IP,132,3
6,IP,133,3
6,IP,134,3
6,IP,135,3
6,IP,136,3
6,IP,137,3
6,IP,138,3
6,IP,139,3
6,IP,140,3
6,IP,141,3
6,IP,142,3
6,IP,143,3
6,IP,144,3
6,IP,145,3
6,IP,146,3
6,IP,147,3
6,IP,148,3
6,IP,149,3
6,IP,150,3
6,IP,151,3
6,IP,152,3
6,IP,153,3
6,IP,154,3
6,IP,155,3
6,IP,156,3
6,IP,157,3
6,IP,158,3
6,IP,159,3
6,IP,160,3
6,IP,161,3
6,IP,162,3
6,IP,163,1
6,M1,1,129
6,M1,2,22
6,M1,3,9
6,M1,4,6
6,M1,5,4
6,M1,6,3
6,M1,7,1
6,VG,1,85
6,VG,2,5
6,VG,3,4
6,VG,4,3
6,VG,5,3
6,VG,6,3
6,VG,7,3
6,VG,8,3
6,VG,9,3
6,VG,10,3
6,VG,11,3
6,VG,12,1
6,EG,1,249
6,EG,2,62
6,EG,3,31
6,EG,4,21
6,EG,5,18
6,EG,6,17
6,EG,7,16
6,EG,8,16
6,EG,9,15
6,EG,10,11
6,EG,11,8
6,EG,12,8
6,EG,13,7
6,EG,14,7
6,EG,15,7
6,EG,16,7
6,EG,17,7
6,EG,18,7
6,EG,19,7
6,EG,20,7
6,EG,21,7
6,EG,22,7
6,EG,23,7
6,EG,24,7
6,EG,25,5
6,EG,26,2
6,EG,27,2
6,EG,28,2
6,EG,29,2
6,EG,30,2
6,EG,31,2
6,EG,32,2
6,EG,33,2
6,EG,34,2
6,EG,35,2
6,EG,36,2
6,EG,37,2
6,EG,38,2
6,EG,39,2
6,EG,40,2
6,EG,41,2
6,EG,42,2
6,EG,43,2
6,EG,44,2
6,EG,45,2
6,EG,46,2
6,EG,47,2
6,EG,48,2
6,EG,49,2
6,EG,50,2
6,EG,51,2
6,EG,52,2
6,EG,53,2
6,EG,54,2
6,EG,55,2
6,EG,56,2
6,EG,57,2
6,EG,58,2
6,EG,59,2
6,EG,60,2
6,EG,61,2
6,EG,62,2
6,EG,63,2
6,EG,64,2
6,EG,65,2
6,EG,66,2
6,EG,67,2
6,EG,68,2
6,EG,69,2
6,EG,70,2
6,EG,71,2
6,EG,72,2
6,EG,73,2
6,EG,74,2
6,EG,75,2
6,EG,76,2
6,EG,77,2
6,EG,78,1
7,IP,1,81
7,IP,2,15
7,IP,3,10
7,IP,4,2
7,IP,5,2
7,IP,6,2
7,IP,7,2
7,IP,8,1
7,M1,1,148
7,M1,2,32
7,M1,3,11
7,M1,4,8
7,M1,5,7
7,M1,6,6
7,M1,7,4
7,M1,8,2
7,M1,9,2
7,M1,10,2
7,M1,11,1
7,VG,1,107
7,VG,2,15
7,VG,3,8
7,VG,4,7
7,VG,5,3
7,VG,6,2
7,VG,7,2
7,VG,8,2
7,VG,9,2
7,VG,10,1
7,EG,1,256
7,EG,2,78
7,EG,3,48
7,EG,4,35
7,EG,5,27
7,EG,6,23
7,EG,7,23
7,EG,8,19
7,EG,9,12
7,EG,10,12
7,EG,11,11
7,EG,12,11
7,EG,13,10
7,EG,14,8
7,EG,15,8
7,EG,16,8
7,EG,17,8
7,EG,18,6
7,EG,19,6
7,EG,20,6
7,EG,21,5
7,EG,22,4
7,EG,23,4
7,EG,24,4
7,EG,25,4
7,EG,26,4
7,EG,27,4
7,EG,28,4
7,EG,29,4
7,EG,30,4
7,EG,31,4
7,EG,32,4
7,EG,33,4
7,EG,34,4
7,EG,35,4
7,EG,36,4
7,EG,37,4
7,EG,38,4
7,EG,39,4
7,EG,40,4
7,EG,41,4
7,EG,42,4
7,EG,43,4
7,EG,44,4
7,EG,45,3
7,EG,46,3
7,EG,47,3
7,EG,48,3
7,EG,49,2
7,EG,50,2
7,EG,51,2
7,EG,52,2
7,EG,53,2
7,EG,54,2
7,EG,55,2
7,EG,56,2
7,EG,57,2
7,EG,58,2
7,EG,59,2
7,EG,60,2
7,EG,61,2
7,EG,62,2
7,EG,63,2
7,EG,64,2
7,EG,65,2
7,EG,66,2
7,EG,67,2
7,EG,68,2
7,EG,69,2
7,EG,70,2
7,EG,71,2
7,EG,72,2
7,EG,73,2
7,EG,74,2
7,EG,75,2
7,EG,76,2
7,EG,77,2
7,EG,78,2
7,EG,79,2
7,EG,80,2
7,EG,81,2
7,EG,82,2
7,EG,83,2
7,EG,84,2
7,EG,85,2
7,EG,86,2
7,EG,87,2
7,EG,88,2
7,EG,89,2
7,EG,90,2
7,EG,91,2
7,EG,92,2
7,EG,93,2
7,EG,94,2
7,EG,95,2
7,EG,96,2
7,EG,97,2
7,EG,98,2
7,EG,99,2
7,EG,100,2
7,EG,101,2
7,EG,102,2
7,EG,103,2
7,EG,104,2
7,EG,105,2
7,EG,106,2
7,EG,107,2
7,EG,108,2
7,EG,109,2
7,EG,110,2
7,EG,111,2
7,EG,112,2
7,EG,113,2
7,EG,114,2
7,EG,115,2
7,EG,116,2
7,EG,117,2
7,EG,118,2
7,EG,119,2
7,EG,120,2
7,EG,121,2
7,EG,122,2
7,EG,123,1
8,IP,1,101
8,IP,2,27
8,IP,3,16
8,IP,4,12
8,IP,5,12
8,IP,6,10
8,IP,7,6
8,IP,8,6
8,IP,9,6
8,IP,10,6
8,IP,11,5
8,IP,12,5
8,IP,13,5
8,IP,14,4
8,IP,15,4
8,IP,16,4
8,IP,17,4
8,IP,18,4
8,IP,19,4
8,IP,20,4
8,IP,21,4
8,IP,22,4
8,IP,23,4
8,IP,24,4
8,IP,25,4
8,IP,26,4
8,IP,27,4
8,IP,28,4
8,IP,29,4
8,IP,30,3
8,IP,31,3
8,IP,32,3
8,IP,33,3
8,IP,34,3
8,IP,35,3
8,IP,36,3
8,IP,37,3
8,IP,38,3
8,IP,39,3
8,IP,40,3
8,IP,41,3
8,IP,42,3
8,IP,43,3
8,IP,44,3
8,IP,45,3
8,IP,46,3
8,IP,47,3
8,IP,48,3
8,IP,49,3
8,IP,50,3
8,IP,51,3
8,IP,52,3
8,IP,53,3
8,IP,54,3
8,IP,55,3
8,IP,56,3
8,IP,57,3
8,IP,58,3
8,IP,59,3
8,IP,60,3
8,IP,61,3
8,IP,62,3
8,IP,63,3
8,IP,64,3
8,IP,65,3
8,IP,66,3
8,IP,67,3
8,IP,68,3
8,IP,69,3
8,IP,70,3
8,IP,71,3
8,IP,72,3
8,IP,73,3
8,IP,74,3
8,IP,75,3
8,IP,76,3
8,IP,77,3
8,IP,78,3
8,IP,79,3
8,IP,80,3
8,IP,81,3
8,IP,82,3
8,IP,83,3
8,IP,84,3
8,IP,85,3
8,IP,86,3
8,IP,87,3
8,IP,88,3
8,IP,89,3
8,IP,90,3
8,IP,91,3
8,IP,92,3
8,IP,93,3
8,IP,94,3
8,IP,95,3
8,IP,96,3
8,IP,97,3
8,IP,98,3
8,IP,99,3
8,IP,100,3
8,IP,101,3
8,IP,102,3
8,IP,103,3
8,IP,104,3
8,IP,105,3
8,IP,106,3
8,IP,107,3
8,IP,108,3
8,IP,109,3
8,IP,110,3
8,IP,111,3
8,IP,112,3
8,IP,113,3
8,IP,114,3
8,IP,115,3
8,IP,116,3
8,IP,117,3
8,IP,118,3
8,IP,119,3
8,IP,120,3
8,IP,121,3
8,IP,122,3
8,IP,123,3
8,IP,124,3
8,IP,125,3
8,IP,126,3
8,IP,127,3
8,IP,128,3
8,IP,129,3
8,IP,130,3
8,IP,131,3
8,IP,132,3
8,IP,133,3
8,IP,134,3
8,IP,135,3
8,IP,136,3
8,IP,137,3
8,IP,138,3
8,IP,139,3
8,IP,140,3
8,IP,141,3
8,IP,142,3
8,IP,143,3
8,IP,144,3
8,IP,145,3
8,IP,146,3
8,IP,147,3
8,IP,148,3
8,IP,149,3
8,IP,150,3
8,IP,151,3
8,IP,152,3
8,IP,153,3
8,IP,154,3
8,IP,155,3
8,IP,156,3
8,IP,157,3
8,IP,158,3
8,IP,159,3
8,IP,160,3
8,IP,161,3
8,IP,162,3
8,IP,163,3
8,IP,164,3
8,IP,165,3
8,IP,166,3
8,IP,167,3
8,IP,168,3
8,IP,169,3
8,IP,170,3
8,IP,171,3
8,IP,172,3
8,IP,173,3
8,IP,174,3
8,IP,175,3
8,IP,176,3
8,IP,177,3
8,IP,178,1
8,M1,1,158
8,M1,2,36
8,M1,3,23
8,M1,4,14
8,M1,5,12
8,M1,6,8
8,M1,7,8
8,M1,8,8
8,M1,9,7
8,M1,10,5
8,M1,11,4
8,M1,12,4
8,M1,13,3
8,M1,14,3
8,M1,15,3
8,M1,16,2
8,M1,17,1
8,VG,1,148
8,VG,2,32
8,VG,3,23
8,VG,4,21
8,VG,5,17
8,VG,6,16
8,VG,7,15
8,VG,8,14
8,VG,9,14
8,VG,10,14
8,VG,11,14
8,VG,12,14
8,VG,13,14
8,VG,14,14
8,VG,15,14
8,VG,16,14
8,VG,17,14
8,VG,18,14
8,VG,19,14
8,VG,20,14
8,VG,21,14
8,VG,22,14
8,VG,23,14
8,VG,24,14
8,VG,25,14
8,VG,26,14
8,VG,27,14
8,VG,28,14
8,VG,29,14
8,VG,30,12
8,VG,31,12
8,VG,32,11
8,VG,33,11
8,VG,34,11
8,VG,35,11
8,VG,36,11
8,VG,37,11
8,VG,38,10
8,VG,39,10
8,VG,40,10
8,VG,41,10
8,VG,42,10
8,VG,43,10
8,VG,44,10
8,VG,45,10
8,VG,46,7
8,VG,47,7
8,VG,48,7
8,VG,49,7
8,VG,50,7
8,VG,51,7
8,VG,52,7
8,VG,53,6
8,VG,54,6
8,VG,55,6
8,VG,56,6
8,VG,57,6
8,VG,58,6
8,VG,59,6
8,VG,60,4
8,VG,61,3
8,VG,62,3
8,VG,63,3
8,VG,64,3
8,VG,65,3
8,VG,66,3
8,VG,67,3
8,VG,68,3
8,VG,69,3
8,VG,70,3
8,VG,71,3
8,VG,72,3
8,VG,73,3
8,VG,74,3
8,VG,75,3
8,VG,76,2
8,VG,77,2
8,VG,78,2
8,VG,79,2
8,VG,80,2
8,VG,81,2
8,VG,82,2
8,VG,83,2
8,VG,84,2
8,VG,85,2
8,VG,86,2
8,VG,87,2
8,VG,88,2
8,VG,89,2
8,VG,90,2
8,VG,91,2
8,VG,92,2
8,VG,93,2
8,VG,94,2
8,VG,95,2
8,VG,96,2
8,VG,97,2
8,VG,98,2
8,VG,99,2
8,VG,100,2
8,VG,101,2
8,VG,102,2
8,VG,103,2
8,VG,104,2
8,VG,105,2
8,VG,106,2
8,VG,107,2
8,VG,108,2
8,VG,109,2
8,VG,110,2
8,VG,111,2
8,VG,112,2
8,VG,113,2
8,VG,114,2
8,VG,115,2
8,VG,116,2
8,VG,117,2
8,VG,118,2
8,VG,119,2
8,VG,120,2
8,VG,121,2
8,VG,122,2
8,VG,123,2
8,VG,124,2
8,VG,125,2
8,VG,126,2
8,VG,127,2
8,VG,128,2
8,VG,129,2
8,VG,130,2
8,VG,131,2
8,VG,132,2
8,VG,133,2
8,VG,134,2
8,VG,135,2
8,VG,136,2
8,VG,137,2
8,VG,138,2
8,VG,139,2
8,VG,140,2
8,VG,141,2
8,VG,142,1
8,EG,1,180
8,EG,2,49
8,EG,3,36
8,EG,4,21
8,EG,5,17
8,EG,6,11
8,EG,7,8
8,EG,8,8
8,EG,9,6
8,EG,10,6
8,EG,11,5
8,EG,12,5
8,EG,13,5
8,EG,14,3
8,EG,15,2
8,EG,16,2
8,EG,17,2
8,EG,18,2
8,EG,19,2
8,EG,20,2
8,EG,21,2
8,EG,22,2
8,EG,23,2
8,EG,24,2
8,EG,25,2
8,EG,26,2
8,EG,27,2
8,EG,28,2
8,EG,29,2
8,EG,30,2
8,EG,31,2
8,EG,32,2
8,EG,33,2
8,EG,34,2
8,EG,35,2
8,EG,36,2
8,EG,37,2
8,EG,38,2
8,EG,39,2
8,EG,40,2
8,EG,41,2
8,EG,42,2
8,EG,43,2
8,EG,44,2
8,EG,45,2
8,EG,46,2
8,EG,47,2
8,EG,48,2
8,EG,49,2
8,EG,50,2
8,EG,51,2
8,EG,52,2
8,EG,53,2
8,EG,54,2
8,EG,55,2
8,EG,56,2
8,EG,57,2
8,EG,58,2
8,EG,59,2
8,EG,60,2
8,EG,61,2
8,EG,62,2
8,EG,63,2
8,EG,64,2
8,EG,65,2
8,EG,66,2
8,EG,67,2
8,EG,68,2
8,EG,69,2
8,EG,70,2
8,EG,71,2
8,EG,72,2
8,EG,73,2
8,EG,74,2
8,EG,75,2
8,EG,76,2
8,EG,77,2
8,EG,78,2
8,EG,79,2
8,EG,80,2
8,EG,81,2
8,EG,82,2
8,EG,83,2
8,EG,84,2
8,EG,85,2
8,EG,86,2
8,EG,87,2
8,EG,88,2
8,EG,89,2
8,EG,90,2
8,EG,91,2
8,EG,92,2
8,EG,93,2
8,EG,94,2
8,EG,95,2
8,EG,96,2
8,EG,97,2
8,EG,98,2
8,EG,99,2
8,EG,100,2
8,EG,101,2
8,EG,102,2
8,EG,103,2
8,EG,104,2
8,EG,105,2
8,EG,106,2
8,EG,107,2
8,EG,108,2
8,EG,109,2
8,EG,110,2
8,EG,111,2
8,EG,112,2
8,EG,113,2
8,EG,114,2
8,EG,115,2
8,EG,116,2
8,EG,117,2
8,EG,118,2
8,EG,119,2
8,EG,120,2
8,EG,121,2
8,EG,122,2
8,EG,123,2
8,EG,124,2
8,EG,125,2
8,EG,126,2
8,EG,127,2
8,EG,128,2
8,EG,129,2
8,EG,130,2
8,EG,131,2
8,EG,132,2
8,EG,133,2
8,EG,134,2
8,EG,135,2
8,EG,136,2
8,EG,137,2
8,EG,138,2
8,EG,139,2
8,EG,140,2
8,EG,141,2
8,EG,142,2
8,EG,143,2
8,EG,144,2
8,EG,145,2
8,EG,146,2
8,EG,147,2
8,EG,148,2
8,EG,149,2
8,EG,150,2
8,EG,151,2
8,EG,152,2
8,EG,153,2
8,EG,154,2
8,EG,155,2
8,EG,156,2
8,EG,157,2
8,EG,158,2
8,EG,159,2
8,EG,160,2
8,EG,161,2
8,EG,162,2
8,EG,163,2
8,EG,164,2
8,EG,165,2
8,EG,166,2
8,EG,167,1
9,IP,1,84
9,IP,2,12
9,IP,3,7
9,IP,4,7
9,IP,5,7
9,IP,6,7
9,IP,7,7
9,IP,8,7
9,IP,9,7
9,IP,10,7
9,IP,11,7
9,IP,12,7
9,IP,13,7
9,IP,14,5
9,IP,15,5
9,IP,16,5
9,IP,17,5
9,IP,18,5
9,IP,19,5
9,IP,20,5
9,IP,21,5
9,IP,22,5
9,IP,23,5
9,IP,24,5
9,IP,25,5
9,IP,26,5
9,IP,27,5
9,IP,28,5
9,IP,29,5
9,IP,30,5
9,IP,31,5
9,IP,32,5
9,IP,33,5
9,IP,34,5
9,IP,35,5
9,IP,36,5
9,IP,37,5
9,IP,38,5
9,IP,39,5
9,IP,40,5
9,IP,41,5
9,IP,42,5
9,IP,43,5
9,IP,44,5
9,IP,45,5
9,IP,46,5
9,IP,47,5
9,IP,48,5
9,IP,49,5
9,IP,50,5
9,IP,51,5
9,IP,52,5
9,IP,53,5
9,IP,54,5
9,IP,55,5
9,IP,56,5
9,IP,57,5
9,IP,58,5
9,IP,59,5
9,IP,60,5
9,IP,61,5
9,IP,62,5
9,IP,63,5
9,IP,64,5
9,IP,65,5
9,IP,66,5
9,IP,67,5
9,IP,68,5
9,IP,69,5
9,IP,70,5
9,IP,71,5
9,IP,72,5
9,IP,73,5
9,IP,74,5
9,IP,75,5
9,IP,76,5
9,IP,77,5
9,IP,78,5
9,IP,79,5
9,IP,80,5
9,IP,81,5
9,IP,82,5
9,IP,83,5
9,IP,84,5
9,IP,85,5
9,IP,86,5
9,IP,87,5
9,IP,88,5
9,IP,89,5
9,IP,90,5
9,IP,91,5
9,IP,92,5
9,IP,93,5
9,IP,94,5
9,IP,95,5
9,IP,96,5
9,IP,97,5
9,IP,98,5
9,IP,99,5
9,IP,100,5
9,IP,101,5
9,IP,102,5
9,IP,103,5
9,IP,104,5
9,IP,105,5
9,IP,106,5
9,IP,107,5
9,IP,108,5
9,IP,109,5
9,IP,110,5
9,IP,111,5
9,IP,112,5
9,IP,113,5
9,IP,114,5
9,IP,115,5
9,IP,116,5
9,IP,117,5
9,IP,118,5
9,IP,119,5
9,IP,120,5
9,IP,121,5
9,IP,122,5
9,IP,123,5
9,IP,124,5
9,IP,125,5
9,IP,126,5
9,IP,127,5
9,IP,128,5
9,IP,129,5
9,IP,130,5
9,IP,131,5
9,IP,132,5
9,IP,133,5
9,IP,134,5
9,IP,135,5
9,IP,136,5
9,IP,137,5
9,IP,138,5
9,IP,139,5
9,IP,140,5
9,IP,141,5
9,IP,142,5
9,IP,143,5
9,IP,144,5
9,IP,145,5
9,IP,146,5
9,IP,147,5
9,IP,148,5
9,IP,149,5
9,IP,150,5
9,IP,151,5
9,IP,152,5
9,IP,153,5
9,IP,154,5
9,IP,155,5
9,IP,156,5
9,IP,157,5
9,IP,158,5
9,IP,159,5
9,IP,160,5
9,IP,161,5
9,IP,162,5
9,IP,163,5
9,IP,164,5
9,IP,165,5
9,IP,166,5
9,IP,167,5
9,IP,168,5
9,IP,169,5
9,IP,170,5
9,IP,171,5
9,IP,172,5
9,IP,173,5
9,IP,174,5
9,IP,175,5
9,IP,176,5
9,IP,177,5
9,IP,178,5
9,IP,179,5
9,IP,180,5
9,IP,181,5
9,IP,182,5
9,IP,183,5
9,IP,184,5
9,IP,185,5
9,IP,186,5
9,IP,187,5
9,IP,188,5
9,IP,189,5
9,IP,190,5
9,IP,191,5
9,IP,192,5
9,IP,193,5
9,IP,194,5
9,IP,195,5
9,IP,196,5
9,IP,197,5
9,IP,198,5
9,IP,199,5
9,IP,200,5
9,IP,201,5
9,IP,202,5
9,IP,203,5
9,IP,204,5
9,IP,205,5
9,IP,206,5
9,IP,207,5
9,IP,208,5
9,IP,209,5
9,IP,210,5
9,IP,211,5
9,IP,212,5
9,IP,213,5
9,IP,214,5
9,IP,215,5
9,IP,216,5
9,IP,217,5
9,IP,218,5
9,IP,219,5
9,IP,220,5
9,IP,221,5
9,IP,222,5
9,IP,223,5
9,IP,224,5
9,IP,225,5
9,IP,226,5
9,IP,227,5
9,IP,228,5
9,IP,229,5
9,IP,230,5
9,IP,231,5
9,IP,232,5
9,IP,233,3
9,IP,234,3
9,IP,235,3
9,IP,236,3
9,IP,237,3
9,IP,238,3
9,IP,239,3
9,IP,240,3
9,IP,241,3
9,IP,242,3
9,IP,243,3
9,IP,244,3
9,IP,245,3
9,IP,246,3
9,IP,247,3
9,IP,248,3
9,IP,249,3
9,IP,250,3
9,IP,251,3
9,IP,252,3
9,IP,253,3
9,IP,254,3
9,IP,255,3
9,IP,256,3
9,IP,257,3
9,IP,258,3
9,IP,259,3
9,IP,260,3
9,IP,261,3
9,IP,262,3
9,IP,263,3
9,IP,264,3
9,IP,265,3
9,IP,266,3
9,IP,267,3
9,IP,268,3
9,IP,269,3
9,IP,270,3
9,IP,271,3
9,IP,272,3
9,IP,273,3
9,IP,274,3
9,IP,275,3
9,IP,276,3
9,IP,277,3
9,IP,278,3
9,IP,279,3
9,IP,280,3
9,IP,281,3
9,IP,282,3
9,IP,283,3
9,IP,284,3
9,IP,285,3
9,IP,286,3
9,IP,287,3
9,IP,288,3
9,IP,289,3
9,IP,290,3
9,IP,291,3
9,IP,292,3
9,IP,293,3
9,IP,294,3
9,IP,295,3
9,IP,296,3
9,IP,297,3
9,IP,298,3
9,IP,299,3
9,IP,300,3
9,IP,301,3
9,IP,302,3
9,IP,303,3
9,IP,304,3
9,IP,305,3
9,IP,306,3
9,IP,307,3
9,IP,308,3
9,IP,309,3
9,IP,310,3
9,IP,311,3
9,IP,312,3
9,IP,313,3
9,IP,314,3
9,IP,315,3
9,IP,316,3
9,IP,317,3
9,IP,318,3
9,IP,319,3
9,IP,320,3
9,IP,321,3
9,IP,322,3
9,IP,323,3
9,IP,324,1
9,M1,1,147
9,M1,2,25
9,M1,3,9
9,M1,4,4
9,M1,5,4
9,M1,6,4
9,M1,7,4
9,M1,8,4
9,M1,9,3
9,M1,10,1
9,VG,1,161
9,VG,2,31
9,VG,3,21
9,VG,4,21
9,VG,5,21
9,VG,6,21
9,VG,7,20
9,VG,8,20
9,VG,9,19
9,VG,10,18
9,VG,11,7
9,VG,12,7
9,VG,13,7
9,VG,14,7
9,VG,15,6
9,VG,16,6
9,VG,17,6
9,VG,18,6
9,VG,19,4
9,VG,20,4
9,VG,21,4
9,VG,22,4
9,VG,23,4
9,VG,24,4
9,VG,25,4
9,VG,26,4
9,VG,27,4
9,VG,28,4
9,VG,29,4
9,VG,30,4
9,VG,31,4
9,VG,32,4
9,VG,33,4
9,VG,34,4
9,VG,35,4
9,VG,36,4
9,VG,37,4
9,VG,38,4
9,VG,39,4
9,VG,40,4
9,VG,41,4
9,VG,42,4
9,VG,43,4
9,VG,44,4
9,VG,45,4
9,VG,46,4
9,VG,47,4
9,VG,48,4
9,VG,49,3
9,VG,50,3
9,VG,51,3
9,VG,52,3
9,VG,53,3
9,VG,54,3
9,VG,55,3
9,VG,56,3
9,VG,57,3
9,VG,58,3
9,VG,59,3
9,VG,60,3
9,VG,61,3
9,VG,62,3
9,VG,63,3
9,VG,64,3
9,VG,65,3
9,VG,66,2
9,VG,67,2
9,VG,68,2
9,VG,69,2
9,VG,70,2
9,VG,71,2
9,VG,72,2
9,VG,73,2
9,VG,74,2
9,VG,75,2
9,VG,76,2
9,VG,77,2
9,VG,78,2
9,VG,79,2
9,VG,80,2
9,VG,81,2
9,VG,82,2
9,VG,83,2
9,VG,84,2
9,VG,85,2
9,VG,86,2
9,VG,87,2
9,VG,88,2
9,VG,89,2
9,VG,90,2
9,VG,91,2
9,VG,92,2
9,VG,93,2
9,VG,94,2
9,VG,95,2
9,VG,96,2
9,VG,97,2
9,VG,98,2
9,VG,99,2
9,VG,100,2
9,VG,101,2
9,VG,102,2
9,VG,103,2
9,VG,104,2
9,VG,105,2
9,VG,106,2
9,VG,107,2
9,VG,108,2
9,VG,109,2
9,VG,110,2
9,VG,111,2
9,VG,112,2
9,VG,113,2
9,VG,114,2
9,VG,115,2
9,VG,116,2
9,VG,117,2
9,VG,118,2
9,VG,119,2
9,VG,120,2
9,VG,121,2
9,VG,122,2
9,VG,123,2
9,VG,124,2
9,VG,125,2
9,VG,126,2
9,VG,127,2
9,VG,128,2
9,VG,129,2
9,VG,130,2
9,VG,131,2
9,VG,132,2
9,VG,133,2
9,VG,134,2
9,VG,135,2
9,VG,136,2
9,VG,137,2
9,VG,138,2
9,VG,139,2
9,VG,140,2
9,VG,141,2
9,VG,142,2
9,VG,143,2
9,VG,144,2
9,VG,145,2
9,VG,146,2
9,VG,147,2
9,VG,148,2
9,VG,149,2
9,VG,150,2
9,VG,151,2
9,VG,152,2
9,VG,153,2
9,VG,154,2
9,VG,155,2
9,VG,156,2
9,VG,157,2
9,VG,158,2
9,VG,159,2
9,VG,160,2
9,VG,161,2
9,VG,162,2
9,VG,163,2
9,VG,164,2
9,VG,165,2
9,VG,166,2
9,VG,167,2
9,VG,168,2
9,VG,169,2
9,VG,170,2
9,VG,171,2
9,VG,172,2
9,VG,173,2
9,VG,174,2
9,VG,175,2
9,VG,176,2
9,VG,177,2
9,VG,178,2
9,VG,179,2
9,VG,180,2
9,VG,181,2
9,VG,182,2
9,VG,183,2
9,VG,184,2
9,VG,185,2
9,VG,186,2
9,VG,187,2
9,VG,188,2
9,VG,189,2
9,VG,190,2
9,VG,191,2
9,VG,192,2
9,VG,193,2
9,VG,194,2
9,VG,195,2
9,VG,196,2
9,VG,197,2
9,VG,198,2
9,VG,199,2
9,VG,200,2
9,VG,201,2
9,VG,202,2
9,VG,203,2
9,VG,204,2
9,VG,205,2
9,VG,206,2
9,VG,207,2
9,VG,208,2
9,VG,209,2
9,VG,210,2
9,VG,211,2
9,VG,212,2
9,VG,213,2
9,VG,214,2
9,VG,215,2
9,VG,216,2
9,VG,217,2
9,VG,218,2
9,VG,219,2
9,VG,220,2
9,VG,221,2
9,VG,222,2
9,VG,223,2
9,VG,224,2
9,VG,225,2
9,VG,226,2
9,VG,227,2
9,VG,228,2
9,VG,229,2
9,VG,230,2
9,VG,231,2
9,VG,232,2
9,VG,233,2
9,VG,234,2
9,VG,235,2
9,VG,236,2
9,VG,237,2
9,VG,238,2
9,VG,239,2
9,VG,240,2
9,VG,241,2
9,VG,242,2
9,VG,243,2
9,VG,244,2
9,VG,245,2
9,VG,246,2
9,VG,247,2
9,VG,248,2
9,VG,249,2
9,VG,250,2
9,VG,251,1
9,EG,1,98
9,EG,2,37
9,EG,3,23
9,EG,4,14
9,EG,5,13
9,EG,6,11
9,EG,7,10
9,EG,8,8
9,EG,9,8
9,EG,10,8
9,EG,11,6
9,EG,12,6
9,EG,13,6
9,EG,14,5
9,EG,15,5
9,EG,16,5
9,EG,17,5
9,EG,18,5
9,EG,19,5
9,EG,20,5
9,EG,21,5
9,EG,22,5
9,EG,23,3
9,EG,24,3
9,EG,25,3
9,EG,26,3
9,EG,27,3
9,EG,28,3
9,EG,29,3
9,EG,30,3
9,EG,31,3
9,EG,32,3
9,EG,33,3
9,EG,34,3
9,EG,35,3
9,EG,36,3
9,EG,37,3
9,EG,38,3
9,EG,39,3
9,EG,40,3
9,EG,41,3
9,EG,42,3
9,EG,43,3
9,EG,44,3
9,EG,45,3
9,EG,46,3
9,EG,47,3
9,EG,48,3
9,EG,49,3
9,EG,50,3
9,EG,51,3
9,EG,52,3
9,EG,53,3
9,EG,54,3
9,EG,55,3
9,EG,56,3
9,EG,57,3
9,EG,58,3
9,EG,59,3
9,EG,60,3
9,EG,61,3
9,EG,62,3
9,EG,63,3
9,EG,64,3
9,EG,65,3
9,EG,66,3
9,EG,67,3
9,EG,68,3
9,EG,69,3
9,EG,70,3
9,EG,71,3
9,EG,72,3
9,EG,73,3
9,EG,74,3
9,EG,75,3
9,EG,76,3
9,EG,77,3
9,EG,78,3
9,EG,79,3
9,EG,80,3
9,EG,81,3
9,EG,82,3
9,EG,83,3
9,EG,84,3
9,EG,85,3
9,EG,86,3
9,EG,87,3
9,EG,88,3
9,EG,89,3
9,EG,90,3
9,EG,91,3
9,EG,92,3
9,EG,93,3
9,EG,94,3
9,EG,95,3
9,EG,96,3
9,EG,97,3
9,EG,98,3
9,EG,99,3
9,EG,100,3
9,EG,101,3
9,EG,102,3
9,EG,103,3
9,EG,104,3
9,EG,105,3
9,EG,106,3
9,EG,107,3
9,EG,108,3
9,EG,109,3
9,EG,110,3
9,EG,111,3
9,EG,112,3
9,EG,113,3
9,EG,114,3
9,EG,115,3
9,EG,116,3
9,EG,117,3
9,EG,118,3
9,EG,119,3
9,EG,120,3
9,EG,121,3
9,EG,122,3
9,EG,123,3
9,EG,124,3
9,EG,125,3
9,EG,126,3
9,EG,127,3
9,EG,128,3
9,EG,129,3
9,EG,130,3
9,EG,131,3
9,EG,132,3
9,EG,133,3
9,EG,134,3
9,EG,135,3
9,EG,136,3
9,EG,137,3
9,EG,138,3
9,EG,139,3
9,EG,140,3
9,EG,141,3
9,EG,142,3
9,EG,143,3
9,EG,144,3
9,EG,145,3
9,EG,146,3
9,EG,147,3
9,EG,148,3
9,EG,149,3
9,EG,150,3
9,EG,151,3
9,EG,152,3
9,EG,153,3
9,EG,154,3
9,EG,155,3
9,EG,156,3
9,EG,157,3
9,EG,158,3
9,EG,159,3
9,EG,160,3
9,EG,161,3
9,EG,162,3
9,EG,163,3
9,EG,164,3
9,EG,165,3
9,EG,166,3
9,EG,167,3
9,EG,168,3
9,EG,169,3
9,EG,170,3
9,EG,171,3
9,EG,172,3
9,EG,173,3
9,EG,174,3
9,EG,175,3
9,EG,176,3
9,EG,177,2
9,EG,178,2
9,EG,179,2
9,EG,180,2
9,EG,181,2
9,EG,182,2
9,EG,183,2
9,EG,184,2
9,EG,185,1
10,IP,1,75
10,IP,2,14
10,IP,3,6
10,IP,4,2
10,IP,5,2
10,IP,6,2
10,IP,7,2
10,IP,8,2
10,IP,9,2
10,IP,10,2
10,IP,11,1
10,M1,1,164
10,M1,2,30
10,M1,3,12
10,M1,4,9
10,M1,5,6
10,M1,6,4
10,M1,7,3
10,M1,8,3
10,M1,9,2
10,M1,10,1
10,VG,1,95
10,VG,2,11
10,VG,3,4
10,VG,4,4
10,VG,5,4
10,VG,6,3
10,VG,7,3
10,VG,8,3
10,VG,9,3
10,VG,10,3
10,VG,11,3
10,VG,12,3
10,VG,13,3
10,VG,14,3
10,VG,15,3
10,VG,16,3
10,VG,17,3
10,VG,18,3
10,VG,19,3
10,VG,20,2
10,VG,21,2
10,VG,22,2
10,VG,23,2
10,VG,24,1
10,EG,1,212
10,EG,2,69
10,EG,3,35
10,EG,4,21
10,EG,5,17
10,EG,6,16
10,EG,7,15
10,EG,8,15
10,EG,9,13
10,EG,10,12
10,EG,11,12
10,EG,12,12
10,EG,13,11
10,EG,14,10
10,EG,15,9
10,EG,16,8
10,EG,17,8
10,EG,18,8
10,EG,19,6
10,EG,20,6
10,EG,21,5
10,EG,22,5
10,EG,23,5
10,EG,24,5
10,EG,25,5
10,EG,26,5
10,EG,27,5
10,EG,28,5
10,EG,29,5
10,EG,30,5
10,EG,31,5
10,EG,32,5
10,EG,33,5
10,EG,34,5
10,EG,35,5
10,EG,36,5
10,EG,37,5
10,EG,38,5
10,EG,39,5
10,EG,40,5
10,EG,41,5
10,EG,42,5
10,EG,43,5
10,EG,44,5
10,EG,45,5
10,EG,46,5
10,EG,47,5
10,EG,48,5
10,EG,49,5
10,EG,50,5
10,EG,51,5
10,EG,52,5
10,EG,53,5
10,EG,54,5
10,EG,55,5
10,EG,56,5
10,EG,57,5
10,EG,58,5
10,EG,59,5
10,EG,60,5
10,EG,61,5
10,EG,62,5
10,EG,63,5
10,EG,64,4
10,EG,65,4
10,EG,66,4
10,EG,67,4
10,EG,68,4
10,EG,69,4
10,EG,70,4
10,EG,71,4
10,EG,72,4
10,EG,73,3
10,EG,74,3
10,EG,75,3
10,EG,76,3
10,EG,77,3
10,EG,78,3
10,EG,79,3
10,EG,80,3
10,EG,81,3
10,EG,82,3
10,EG,83,3
10,EG,84,3
10,EG,85,3
10,EG,86,3
10,EG,87,3
10,EG,88,3
10,EG,89,3
10,EG,90,3
10,EG,91,3
10,EG,92,3
10,EG,93,3
10,EG,94,3
10,EG,95,3
10,EG,96,3
10,EG,97,3
10,EG,98,3
10,EG,99,3
10,EG,100,3
10,EG,101,3
10,EG,102,3
10,EG,103,3
10,EG,104,3
10,EG,105,3
10,EG,106,3
10,EG,107,3
10,EG,108,3
10,EG,109,3
10,EG,110,3
10,EG,111,3
10,EG,112,3
10,EG,113,3
10,EG,114,3
10,EG,115,3
10,EG,116,3
10,EG,117,3
10,EG,118,3
10,EG,119,3
10,EG,120,3
10,EG,121,3
10,EG,122,3
10,EG,123,3
10,EG,124,3
10,EG,125,3
10,EG,126,3
10,EG,127,3
10,EG,128,3
10,EG,129,3
10,EG,130,3
10,EG,131,3
10,EG,132,3
10,EG,133,3
10,EG,134,3
10,EG,135,3
10,EG,136,3
10,EG,137,3
10,EG,138,3
10,EG,139,3
10,EG,140,3
10,EG,141,3
10,EG,142,3
10,EG,143,3
10,EG,144,3
10,EG,145,3
10,EG,146,3
10,EG,147,3
10,EG,148,3
10,EG,149,3
10,EG,150,3
10,EG,151,3
10,EG,152,3
10,EG,153,3
10,EG,154,3
10,EG,155,3
10,EG,156,3
10,EG,157,3
10,EG,158,3
10,EG,159,3
10,EG,160,3
10,EG,161,3
10,EG,162,3
10,EG,163,3
10,EG,164,3
10,EG,165,3
10,EG,166,1
11,IP,1,91
11,IP,2,17
11,IP,3,7
11,IP,4,6
11,IP,5,4
11,IP,6,2
11,IP,7,2
11,IP,8,1
11,M1,1,198
11,M1,2,38
11,M1,3,24
11,M1,4,19
11,M1,5,16
11,M1,6,11
11,M1,7,10
11,M1,8,7
11,M1,9,7
11,M1,10,6
11,M1,11,5
11,M1,12,5
11,M1,13,4
11,M1,14,2
11,M1,15,2
11,M1,16,2
11,M1,17,2
11,M1,18,2
11,M1,19,2
11,M1,20,2
11,M1,21,2
11,M1,22,2
11,M1,23,2
11,M1,24,2
11,M1,25,2
11,M1,26,2
11,M1,27,2
11,M1,28,2
11,M1,29,2
11,M1,30,2
11,M1,31,2
11,M1,32,2
11,M1,33,2
11,M1,34,2
11,M1,35,2
11,M1,36,2
11,M1,37,2
11,M1,38,2
11,M1,39,2
11,M1,40,2
11,M1,41,2
11,M1,42,2
11,M1,43,2
11,M1,44,2
11,M1,45,2
11,M1,46,2
11,M1,47,2
11,M1,48,2
11,M1,49,2
11,M1,50,2
11,M1,51,2
11,M1,52,2
11,M1,53,1
11,VG,1,89
11,VG,2,13
11,VG,3,4
11,VG,4,2
11,VG,5,2
11,VG,6,1
11,EG,1,191
11,EG,2,59
11,EG,3,27
11,EG,4,25
11,EG,5,21
11,EG,6,21
11,EG,7,19
11,EG,8,16
11,EG,9,15
11,EG,10,14
11,EG,11,14
11,EG,12,14
11,EG,13,13
11,EG,14,11
11,EG,15,11
11,EG,16,10
11,EG,17,8
11,EG,18,8
11,EG,19,8
11,EG,20,8
11,EG,21,8
11,EG,22,8
11,EG,23,8
11,EG,24,8
11,EG,25,8
11,EG,26,8
11,EG,27,6
11,EG,28,5
11,EG,29,5
11,EG,30,5
11,EG,31,5
11,EG,32,5
11,EG,33,5
11,EG,34,5
11,EG,35,4
11,EG,36,4
11,EG,37,4
11,EG,38,4
11,EG,39,4
11,EG,40,4
11,EG,41,4
11,EG,42,4
11,EG,43,4
11,EG,44,4
11,EG,45,4
11,EG,46,4
11,EG,47,4
11,EG,48,4
11,EG,49,4
11,EG,50,4
11,EG,51,4
11,EG,52,4
11,EG,53,4
11,EG,54,4
11,EG,55,4
11,EG,56,4
11,EG,57,4
11,EG,58,4
11,EG,59,4
11,EG,60,4
11,EG,61,4
11,EG,62,2
11,EG,63,2
11,EG,64,2
11,EG,65,2
11,EG,66,2
11,EG,67,2
11,EG,68,2
11,EG,69,2
11,EG,70,2
11,EG,71,2
11,EG,72,2
11,EG,73,2
11,EG,74,2
11,EG,75,2
11,EG,76,2
11,EG,77,2
11,EG,78,2
11,EG,79,2
11,EG,80,2
11,EG,81,2
11,EG,82,2
11,EG,83,2
11,EG,84,2
11,EG,85,2
11,EG,86,2
11,EG,87,2
11,EG,88,2
11,EG,89,2
11,EG,90,2
11,EG,91,2
11,EG,92,2
11,EG,93,2
11,EG,94,2
11,EG,95,2
11,EG,96,2
11,EG,97,2
11,EG,98,2
11,EG,99,2
11,EG,100,2
11,EG,101,2
11,EG,102,2
11,EG,103,2
11,EG,104,2
11,EG,105,2
11,EG,106,2
11,EG,107,2
11,EG,108,2
11,EG,109,2
11,EG,110,2
11,EG,111,2
11,EG,112,2
11,EG,113,2
11,EG,114,2
11,EG,115,2
11,EG,116,2
11,EG,117,2
11,EG,118,2
11,EG,119,2
11,EG,120,2
11,EG,121,2
11,EG,122,2
11,EG,123,2
11,EG,124,2
11,EG,125,2
11,EG,126,2
11,EG,127,2
11,EG,128,2
11,EG,129,2
11,EG,130,2
11,EG,131,2
11,EG,132,2
11,EG,133,2
11,EG,134,2
11,EG,135,2
11,EG,136,2
11,EG,137,2
11,EG,138,2
11,EG,139,2
11,EG,140,2
11,EG,141,2
11,EG,142,2
11,EG,143,2
11,EG,144,2
11,EG,145,2
11,EG,146,2
11,EG,147,2
11,EG,148,2
11,EG,149,2
11,EG,150,2
11,EG,151,2
11,EG,152,2
11,EG,153,2
11,EG,154,2
11,EG,155,2
11,EG,156,2
11,EG,157,2
11,EG,158,2
11,EG,159,2
11,EG,160,2
11,EG,161,2
11,EG,162,2
11,EG,163,2
11,EG,164,2
11,EG,165,2
11,EG,166,2
11,EG,167,2
11,EG,168,2
11,EG,169,2
11,EG,170,2
11,EG,171,2
11,EG,172,2
11,EG,173,2
11,EG,174,2
11,EG,175,2
11,EG,176,2
11,EG,177,2
11,EG,178,2
11,EG,179,2
11,EG,180,2
11,EG,181,2
11,EG,182,2
11,EG,183,2
11,EG,184,2
11,EG,185,2
11,EG,186,2
11,EG,187,2
11,EG,188,2
11,EG,189,2
11,EG,190,2
11,EG,191,2
11,EG,192,2
11,EG,193,1
12,IP,1,50
12,IP,2,5
12,IP,3,3
12,IP,4,3
12,IP,5,3
12,IP,6,2
12,IP,7,2
12,IP,8,2
12,IP,9,2
12,IP,10,1
12,M1,1,90
12,M1,2,6
12,M1,3,2
12,M1,4,1
12,VG,1,48
12,VG,2,4
12,VG,3,1
12,EG,1,86
12,EG,2,20
12,EG,3,16
12,EG,4,13
12,EG,5,9
12,EG,6,9
12,EG,7,8
12,EG,8,8
12,EG,9,8
12,EG,10,7
12,EG,11,7
12,EG,12,7
12,EG,13,7
12,EG,14,7
12,EG,15,7
12,EG,16,7
12,EG,17,7
12,EG,18,5
12,EG,19,5
12,EG,20,5
12,EG,21,5
12,EG,22,5
12,EG,23,5
12,EG,24,5
12,EG,25,4
12,EG,26,4
12,EG,27,4
12,EG,28,4
12,EG,29,4
12,EG,30,4
12,EG,31,4
12,EG,32,4
12,EG,33,4
12,EG,34,4
12,EG,35,4
12,EG,36,4
12,EG,37,4
12,EG,38,4
12,EG,39,4
12,EG,40,2
12,EG,41,2
12,EG,42,2
12,EG,43,2
12,EG,44,2
12,EG,45,2
12,EG,46,2
12,EG,47,2
12,EG,48,2
12,EG,49,2
12,EG,50,2
12,EG,51,2
12,EG,52,2
12,EG,53,2
12,EG,54,2
12,EG,55,2
12,EG,56,2
12,EG,57,2
12,EG,58,2
12,EG,59,2
12,EG,60,2
12,EG,61,2
12,EG,62,2
12,EG,63,2
12,EG,64,2
12,EG,65,2
12,EG,66,2
12,EG,67,2
12,EG,68,2
12,EG,69,2
12,EG,70,2
12,EG,71,2
12,EG,72,2
12,EG,73,2
12,EG,74,2
12,EG,75,2
12,EG,76,2
12,EG,77,2
12,EG,78,2
12,EG,79,2
12,EG,80,2
12,EG,81,2
12,EG,82,2
12,EG,83,2
12,EG,84,1
